Designator,Mid X,Mid Y,Layer,Rotation
C1,51.050000,-56.550000,Top,180.000000
C2,55.000000,-37.350000,Top,-90.000000
C3,49.000000,-37.200000,Top,-90.000000
D1,36.900000,-24.750000,Top,-90.000000
Q1,31.962500,-25.050000,Top,180.000000
R1,37.100000,-29.112500,Top,-90.000000
R2,36.400000,-38.450000,Top,0.000000
R3,41.250000,-31.700000,Top,-90.000000
R4,47.250000,-31.612500,Top,-90.000000
R5,53.250000,-31.700000,Top,-90.000000
U1,34.840000,-55.000000,Top,0.000000
U2,52.075000,-47.485000,Top,90.000000
