"Comment","Designator","Footprint","LCSC Part #"
"100n","C1,C2","Capacitor_SMD:C_0805_2012Metric","C49678"
"22u","C3","Capacitor_SMD:CP_Elec_4x5.4","C72502"
"BZT52C5V6","D1","Diode_SMD:D_SOD-123","C19077402"
"AO3401A","Q1","Package_TO_SOT_SMD:SOT-23","C15127"
"22k","R1","Resistor_SMD:R_0805_2012Metric","C31850"
"10k","R2,R3,R4","Resistor_SMD:R_0805_2012Metric","C17414"
"2k2","R5","Resistor_SMD:R_0805_2012Metric","C17520"
"URA2412YMD-20WR3_C5369773","U1","easyeda2kicad:PWRM-TH_YLPTEC_VRBXXXXYMD-20WR3","C5369773"
"L7805","U2","Package_TO_SOT_SMD:TO-252-2","C19626525"
